x,y,ra,dec,flux/mCrab,kind,cmosnum
2053.0,3935.0,118.06,-34.707,1.1900355871886124,point,48
812.0,2031.0,117.7,-29.519,0.4937366548042705,point,48
2984.0,3607.0,120.78,-35.082,0.48565836298932386,point,48
2967.0,1725.0,123.12,-31.249,0.4755871886120998,point,48
3187.0,1455.0,123.97,-30.924,0.33178647686832746,point,48
3037.0,142.0,125.14,-28.083,0.2809288256227758,point,48
3627.0,3767.0,122.16,-36.086,0.2146014234875445,point,48
3770.0,888.0,126.02,-30.343000000000004,0.2101138790035587,point,48
3719.0,2790.0,123.64,-34.197,0.20090391459074736,point,48
2719.0,3894.0,119.74,-35.37,0.19701067615658363,point,48
1038.0,1224.0,119.25,-28.161,0.19005693950177938,point,48
200.0,3763.0,113.95,-32.205,0.18397508896797152,point,48
3281.0,3379.0,112.21,-30.25,2.164128113879004,point,47
2256.0,2756.0,110.83,-27.789,1.2693238434163703,point,47
2159.0,586.0,113.58,-23.473000000000006,0.6498576512455516,point,47
3440.0,980.0,115.81,-25.763,0.32003914590747334,point,47
1519.0,2446.0,109.68,-26.269,0.29085765124555163,point,47
3955.0,2596.0,114.81,-29.536,0.2882064056939502,point,47
19.0,3304.0,105.31,-25.948,0.24109252669039147,point,47
1387.0,2935.0,108.71,-27.033,0.21258007117437724,point,47
1273.0,3849.0,107.14,-28.612,0.2079359430604982,point,47
2177.0,4070.0,108.77,-30.193,0.1844697508896797,point,47
3497.0,537.0,116.51,-24.958,0.1824270462633452,point,47
475.0,4082.0,105.1,-27.998,0.1802811387900356,point,47
1197.0,1969.0,109.67,-24.95,0.16190747330960856,point,47
1709.0,2568.0,109.92,-26.741,0.15518149466192172,point,47
3610.0,233.0,117.14,-24.493,0.14975088967971534,point,47
1136.0,3347.0,107.58,-27.49,0.1317153024911032,point,47
1874.0,2536.0,110.32,-26.888,0.12333807829181495,point,47
3204.0,4035.0,111.1,-31.415,0.10496441281138791,point,47
4016.0,1452.0,120.9,-40.022,1.798505338078292,point,46
3481.0,1082.0,120.0,-38.711,0.5909252669039147,point,46
1226.0,2436.0,112.27,-38.811,0.5897153024911033,point,46
3468.0,1114.0,119.92,-38.76,0.4677224199288256,point,46
998.0,1819.0,112.67,-37.336,0.3740569395017793,point,46
3659.0,3342.0,117.21,-43.447,0.3583629893238435,point,46
1483.0,1445.0,114.43,-37.19,0.2880355871886121,point,46
2376.0,1928.0,115.95,-39.185,0.2785978647686833,point,46
37.0,1697.0,110.57,-35.916,0.18966548042704628,point,46
2342.0,2799.0,114.54,-40.863,0.1828113879003559,point,46
1096.0,2163.0,112.38,-38.125,0.16526690391459076,point,46
1004.0,1828.0,112.68,-37.362,0.1287864768683274,point,46
2935.0,3630.0,114.79,-43.18899999999999,0.12290035587188614,point,46
1015.0,1938.0,112.53,-37.589,0.12191459074733096,point,46
2052.0,3073.0,113.35,-41.052,0.11112455516014236,point,46
2957.0,3501.0,115.05,-42.962,0.11111743772241994,point,46
3069.0,4057.0,114.46,-44.18,0.11096797153024912,point,46
327.0,2621.0,109.79,-38.038,0.10480427046263346,point,46
2897.0,158.0,110.1,-31.432,1.7523131672597867,point,45
3663.0,2279.0,108.56,-36.426,0.9103914590747331,point,45
593.0,474.0,104.66,-28.97,0.5351957295373666,point,45
2214.0,2831.0,104.32,-35.507,0.4111743772241993,point,45
2801.0,2034.0,106.97,-34.834,0.39366548042704624,point,45
3013.0,265.0,110.2,-31.783,0.3011565836298932,point,45
3656.0,732.0,110.95,-33.484,0.295829181494662,point,45
630.0,1927.0,102.39,-31.654,0.2396405693950178,point,45
4052.0,3400.0,107.62,-39.028,0.19373309608540928,point,45
1730.0,1598.0,105.29,-32.58,0.18311387900355872,point,45
475.0,28.0,105.1,-27.998,0.1802811387900356,point,45
2974.0,2563.0,106.5,-36.047,0.155423487544484,point,45
2571.0,2442.0,105.78,-35.281,0.14691103202846975,point,45
1872.0,1851.0,105.19,-33.241,0.1285017793594306,point,45
2189.0,3452.0,103.2,-36.601,0.11322419928825624,point,45
3862.0,2114.0,109.29,-36.372,0.11225266903914591,point,45
359.0,1092.0,101.29,-16.711,14.00284697508897,point,44
2093.0,4000.0,100.2,-24.385,0.7608540925266905,point,44
296.0,44.0,102.7,-14.741,0.34019217081850534,point,44
3752.0,2657.0,105.55,-24.27,0.33827402135231316,point,44
1706.0,625.0,104.53,-17.741,0.3188220640569395,point,44
3933.0,94.0,109.61,-19.771,0.30060854092526695,point,44
3001.0,3848.0,102.23,-25.397,0.2633238434163701,point,44
175.0,2329.0,99.095,-18.661,0.26330604982206407,point,44
2917.0,3910.0,101.97,-25.391,0.25303914590747334,point,44
2268.0,3566.0,101.22,-23.859,0.25117793594306054,point,44
191.0,427.0,101.95,-15.283,0.2372846975088968,point,44
3327.0,3686.0,103.13,-25.559,0.17270462633451958,point,44
2445.0,2987.0,102.45,-23.065,0.14007829181494663,point,44
1703.0,1661.0,103.0,-19.622,0.13776512455516016,point,44
2207.0,947.0,105.02,-19.019,0.1312846975088968,point,44
1469.0,3312.0,100.05,-22.267,0.11333096085409253,point,44
3478.0,3059.0,104.4,-24.631,0.1101779359430605,point,44
1845.0,3285.0,93.161,-16.812,1.5653380782918151,point,43
2968.0,2991.0,95.675,-17.958,0.4195373665480428,point,43
2987.0,113.0,100.03,-12.888,0.39747330960854094,point,43
1347.0,2686.0,93.185,-15.029000000000002,0.24050533807829183,point,43
3052.0,2481.0,96.61,-17.182000000000002,0.12106761565836299,point,43
968.0,3911.0,90.603,-16.581,0.11398576512455517,point,43
2076.0,946.0,97.142,-13.047,0.11001067615658364,point,43
924.0,2764.0,93.305,-27.702,0.2534590747330961,point,42
447.0,3308.0,91.452,-27.911,0.23732740213523135,point,42
1522.0,1298.0,96.904,-26.018,0.23206761565836298,point,42
2453.0,484.0,100.05,-25.894,0.22518149466192172,point,42
3647.0,3338.0,97.856,-32.708,0.1588185053380783,point,42
2317.0,2753.0,96.094,-29.747,0.15819928825622775,point,42
2905.0,372.0,101.13,-26.324,0.14858362989323845,point,42
1487.0,1862.0,95.916,-26.962,0.14829537366548043,point,42
374.0,700.0,95.641,-23.295,0.13285053380782919,point,42
3698.0,2099.0,100.03,-30.558000000000003,0.12365836298932385,point,42
1114.0,220.0,97.82,-23.521,0.12172597864768683,point,42
1312.0,3184.0,93.351,-29.008000000000006,0.1214590747330961,point,42
3593.0,1241.0,101.18,-28.856,0.12025266903914592,point,42
3658.0,3339.0,97.876,-32.725,0.11241992882562277,point,42
3722.0,600.0,102.45,-27.865,0.10064412811387902,point,42
430.0,2582.0,85.166,-20.299,1.1020284697508897,point,41
3954.0,1466.0,93.44,-23.874,0.6894306049822064,point,41
2036.0,2793.0,87.666,-23.187,0.34056939501779365,point,41
214.0,2407.0,85.086,-19.669,0.32467971530249107,point,41
3933.0,3406.0,90.138,-27.155,0.2667259786476869,point,41
1562.0,1962.0,88.21700000000001,-21.054,0.24358718861209966,point,41
110.0,2440.0,84.848,-19.559,0.21254448398576514,point,41
2331.0,3090.0,87.698,-24.145,0.2023843416370107,point,41
1351.0,2981.0,86.11200000000002,-22.42,0.19192170818505336,point,41
2306.0,3285.0,87.314,-24.431,0.14541992882562277,point,41
548.0,234.0,89.255,-16.585,0.14375800711743772,point,41
849.0,1961.0,86.947,-19.936,0.14062989323843417,point,41
356.0,2856.0,84.569,-20.631,0.14061565836298934,point,41
2570.0,3653.0,87.162,-25.456,0.1329644128113879,point,41
1558.0,1961.0,88.209,-21.047,0.13213879003558718,point,41
2184.0,3850.0,86.11200000000002,-25.172,0.12370106761565838,point,41
362.0,3972.0,82.661,-22.453000000000007,0.11800000000000001,point,41
3849.0,3744.0,89.39399999999998,-27.594,0.11785409252669041,point,41
2472.0,151.0,92.823,-19.382,0.1021708185053381,point,41
3882.0,2367.0,91.809,-25.315,0.10138434163701068,point,41
2989.0,1336.0,117.29,-5.8254,0.432491103202847,point,40
2391.0,399.0,117.45,-3.2867,0.2953416370106762,point,40
3206.0,961.0,118.2,-5.425,0.2747295373665481,point,40
3139.0,2149.0,116.47,-7.53,0.2289964412811388,point,40
1608.0,1142.0,115.0,-3.5954,0.21952313167259788,point,40
1147.0,3622.0,110.75,-7.5252,0.19777935943060498,point,40
3209.0,2352.0,116.32,-7.9991,0.14880782918149468,point,40
783.0,2678.0,111.38,-5.2978,0.1475017793594306,point,40
2042.0,2011.0,114.62,-5.7876,0.14140213523131673,point,40
1141.0,1221.0,114.03,-3.1086,0.12665124555160143,point,40
3058.0,140.0,119.03,-3.7083,0.1226405693950178,point,40
26.0,1578.0,111.49,-2.2491,0.11684697508896798,point,40
2993.0,2582.0,115.6,-8.1314,0.11053380782918151,point,40
1711.0,183.0,116.49,-1.9705,0.10656227758007117,point,40
718.0,2595.0,111.37,-5.0577,0.10422775800711744,point,40
3768.0,3447.0,108.3,-5.1963,1.3474021352313166,point,39
3571.0,988.0,111.31,-0.42582,0.76,point,39
1313.0,3622.0,103.56,-2.1565,0.7371174377224199,point,39
592.0,3279.0,102.71,-0.53903,0.6373309608540927,point,39
95.0,1929.0,103.65,2.6109,0.5266192170818507,point,39
3359.0,1687.0,109.96,-1.4178,0.3528149466192171,point,39
955.0,849.0,106.7,3.4139999999999997,0.32625622775800717,point,39
2775.0,958.0,109.89,0.71945,0.17227046263345197,point,39
4078.0,3117.0,109.32,-5.0163,0.12459074733096089,point,39
3724.0,1922.0,110.31,-2.346,0.12090747330960855,point,39
2709.0,366.0,110.58,1.8941,0.11002846975088967,point,39
3143.0,2885.0,109.87,-16.394000000000002,0.8514590747330961,point,38
722.0,3629.0,104.22,-14.415,0.8502491103202847,point,38
472.0,3035.0,104.61,-12.992,0.8136298932384342,point,38
2033.0,3198.0,107.3,-15.452,0.3730604982206406,point,38
3529.0,1051.0,113.16,-13.515999999999998,0.25797864768683276,point,38
3781.0,2971.0,110.97,-17.413,0.2425373665480427,point,38
2745.0,2074.0,110.25,-14.36,0.1960960854092527,point,38
1526.0,1789.0,108.34,-12.173,0.17865124555160145,point,38
1114.0,3239.0,105.51,-14.255,0.17374021352313168,point,38
2450.0,3525.0,107.63,-16.624000000000002,0.1550035587188612,point,38
2633.0,3765.0,107.63,-17.312,0.150423487544484,point,38
1631.0,214.0,110.72,-9.4209,0.1318540925266904,point,38
3007.0,1038.0,104.5721,-7.2098,5.26026910812865,b'Galactic-Compact-Binary-NS/BH'b'MXB0656-072',37
271.0,2001.0,98.242,-5.0964,1.2418149466192177,point,37
482.0,964.0,100.09,-3.5324,0.9965480427046264,point,37
2393.0,1743.0,102.46,-7.6264,0.7209964412811388,point,37
3519.0,3046.0,102.67,-11.562,0.5279359430604982,point,37
1948.0,731.0,103.08,-5.1718,0.4207473309608541,point,37
3387.0,2003.0,103.91,-9.4893,0.38476868327402136,point,37
3134.0,514.0,105.54,-6.4344,0.3839501779359431,point,37
536.0,563.0,100.76,-2.8881,0.3501565836298932,point,37
2063.0,773.0,103.22,-5.4075,0.28887188612099646,point,37
633.0,2516.0,98.161,-6.5325,0.2559537366548043,point,37
3048.0,194.0,105.82,-5.7362,0.2511494661921708,point,37
2727.0,1684.0,103.15,-7.9888,0.19022775800711744,point,37
680.0,1821.0,99.236,-5.3512,0.18918505338078292,point,37
432.0,2305.0,98.099,-5.8692,0.18733807829181495,point,37
395.0,3250.0,96.681,-7.5096,0.16007473309608541,point,37
147.0,2469.0,97.355,-5.7599,0.14926334519572954,point,37
287.0,2188.0,72.46,6.9611,1.797508896797153,point,36
2978.0,3490.0,74.572,0.45436,1.2009252669039148,point,36
238.0,322.0,75.495,9.982999999999999,0.6511032028469751,point,36
2655.0,2985.0,74.898,1.7837,0.5272241992882563,point,36
4088.0,1919.0,78.92399999999998,1.0913,0.3758362989323844,point,36
2450.0,240.0,79.14399999999998,6.4478,0.36412811387900357,point,36
1615.0,2057.0,74.79,4.9751,0.3278683274021353,point,36
3204.0,110.0,80.545,5.3953,0.2733202846975089,point,36
3750.0,1957.0,78.33,1.5904,0.26685765124555166,point,36
1887.0,3072.0,73.538,2.9171,0.21117437722419932,point,36
3034.0,2992.0,75.486,1.1457,0.20571174377224202,point,36
2320.0,1765.0,76.39399999999998,4.2662,0.18804270462633452,point,36
2295.0,2257.0,75.538,3.5305,0.16930249110320286,point,36
3074.0,2319.0,76.665,2.1405,0.15900000000000003,point,36
1542.0,1397.0,75.775,6.1387,0.1539252669039146,point,36
2243.0,1596.0,76.555,4.6614,0.14511743772241995,point,36
2457.0,234.0,79.165,6.4446,0.1326868327402135,point,36
1466.0,2403.0,73.97800000000002,4.673,0.1282455516014235,point,36
115.0,3215.0,70.491,5.6113,0.128,point,36
491.0,1718.0,73.567,7.37,0.11822775800711745,point,36
1834.0,1107.0,76.722,6.1123,0.11626334519572953,point,36
2454.0,2484.0,75.41,2.9084,0.11570462633451958,point,36
2317.0,1909.0,76.15,4.0441,0.11153736654804271,point,36
3959.0,61.0,81.80199999999998,4.2154,0.11115658362989325,point,36
2991.0,3013.0,75.382,1.1837,0.11043772241992883,point,36
3435.0,2829.0,76.388,0.7388100000000001,0.10466192170818507,point,36
1883.0,844.0,77.23899999999998,6.4427,0.10222064056939503,point,36
3615.0,3979.0,68.2962313,5.3543389,14.232148637968512,b'ExtraGalactic-AGN'b'3C120',35
516.0,3910.0,63.356,10.466,1.0607117437722422,point,35
1196.0,366.0,70.366,15.082,0.684590747330961,point,35
15.0,1764.0,66.051,14.755999999999998,0.37829181494661923,point,35
2301.0,2312.0,68.91,10.161,0.31122419928825623,point,35
3196.0,366.0,73.62100000000002,11.785,0.23104270462633453,point,35
1142.0,1652.0,68.108,13.113,0.22404982206405694,point,35
77.0,843.0,67.69800000000001,16.14,0.22319572953736655,point,35
1691.0,1725.0,68.891,12.101,0.22142348754448402,point,35
3180.0,838.0,72.8,11.067,0.20833451957295374,point,35
1997.0,1353.0,70.015,12.197,0.19107829181494662,point,35
598.0,486.0,69.17,15.866,0.17516014234875443,point,35
3494.0,1803.0,71.69,9.0181,0.1675658362989324,point,35
2552.0,757.0,71.923,12.232,0.16144483985765126,point,35
1513.0,673.0,70.366,14.075,0.1575658362989324,point,35
270.0,3067.0,64.321,12.232,0.15648754448398577,point,35
2276.0,967.0,71.119,12.353,0.1447508896797153,point,35
4026.0,2127.0,72.003,7.6309,0.14225978647686835,point,35
1702.0,3508.0,65.96,9.2076,0.13897864768683277,point,35
40.0,2288.0,65.22,13.866,0.13737010676156583,point,35
2787.0,1730.0,70.67,10.296,0.13703914590747332,point,35
1955.0,530.0,71.333,13.574000000000002,0.13691103202846977,point,35
2408.0,6.0,72.956,13.655,0.13165124555160143,point,35
3103.0,1787.0,71.087,9.6866,0.1254626334519573,point,35
532.0,3748.0,63.645,10.703,0.12537366548042705,point,35
3333.0,1426.0,72.062,9.8831,0.12300711743772243,point,35
1220.0,2430.0,66.942,11.732,0.12226334519572954,point,35
1199.0,1508.0,68.444,13.254,0.12008540925266904,point,35
656.0,841.0,68.666,15.207,0.11955160142348754,point,35
4065.0,3526.0,69.759,5.3451,0.11488256227758008,point,35
888.0,645.0,69.381,15.140999999999998,0.11220996441281139,point,35
2170.0,2638.0,68.157,9.8508,0.11157651245551603,point,35
3321.0,1333.0,72.19800000000002,10.05,0.10608896797153025,point,35
4066.0,3709.0,69.462,5.0544,0.1032846975088968,point,35
3461.0,2935.0,69.76100000000001,7.268,0.10292170818505339,point,35
3141.0,1911.0,70.779,-3.7817,1.6991459074733097,point,34
2320.0,1944.0,69.405,-2.4949,1.3148754448398579,point,34
3808.0,1254.0,72.9229,-3.8093,1.150154169069232,b'ExtraGalactic-AGN'b'MCG-01-13-025',34
1967.0,1575.0,69.44,-1.3244,0.5016725978647687,point,34
1922.0,2470.0,67.904,-2.6879,0.195355871886121,point,34
3119.0,2444.0,69.873,-4.6016,0.16052669039145906,point,34
3906.0,3417.0,69.547,-7.4394,0.13768327402135233,point,34
3575.0,1645.0,71.911,-4.0593,0.13519572953736655,point,34
1329.0,2790.0,66.428,-2.2309,0.13355160142348754,point,34
676.0,1451.0,67.571,0.9814,0.12152313167259787,point,34
1282.0,993.0,69.29,0.72755,0.10260854092526692,point,34
3701.0,2464.0,64.2184,1.0901,3.316464477512016,b'ExtraGalactic-AGN'b'1ES0414+009',33
3029.0,3992.0,60.653,-0.26599,1.3698576512455518,point,33
3502.0,1843.0,64.91199999999999,2.4095,0.6217081850533808,point,33
2002.0,1012.0,63.864,6.1935,0.4398932384341637,point,33
179.0,1540.0,60.042,8.3085,0.3007615658362989,point,33
1417.0,3693.0,58.542,2.827,0.2785266903914591,point,33
3335.0,1259.0,65.601,3.6189999999999998,0.24591814946619217,point,33
164.0,209.0,62.205,10.465,0.23401779359430605,point,33
681.0,194.0,63.07100000000001,9.6514,0.21920284697508896,point,33
2185.0,2917.0,61.041,2.8307,0.21598220640569396,point,33
1394.0,1905.0,61.414,5.7488,0.14640569395017794,point,33
502.0,1283.0,60.987,8.1991,0.14055516014234876,point,33
316.0,844.0,61.407,9.2048,0.1280391459074733,point,33
1319.0,60.0,64.325,8.8279,0.11656227758007118,point,33
3125.0,512.0,66.488,5.1542,0.11307829181494664,point,33
1381.0,693.0,63.385,7.7168,0.10596797153024912,point,33
2735.0,3074.0,61.672,1.6841,0.10168683274021352,point,33
1399.0,1766.0,88.0474,-7.4562,8.662396549624813,b'ExtraGalactic-AGN'b'NGC2110',32
1735.0,2791.0,86.939,-9.6696,0.3133879003558719,point,32
3777.0,1708.0,92.105,-11.146,0.29947330960854096,point,32
3772.0,3550.0,89.1,-14.166,0.22607829181494662,point,32
809.0,3263.0,84.647,-8.9443,0.21705338078291814,point,32
3565.0,1128.0,92.679,-9.8525,0.15070462633451956,point,32
1040.0,1204.0,88.36200000000002,-5.9614,0.14434875444839856,point,32
1437.0,1014.0,89.321,-6.2849,0.11733451957295375,point,32
75.0,3057.0,83.788,-7.4261,0.10669039145907475,point,32
3235.0,1004.0,92.326,-9.1271,0.1004306049822064,point,32
453.0,2267.0,79.0478,-0.1502,5.406266401676029,b'ExtraGalactic-AGN'b'Ark120',31
3543.0,2414.0,83.819,-5.3889,2.2448042704626334,point,31
3163.0,967.0,85.540577,-2.4274197,2.1486597835695584,b'Galactic-Star'b'ZetaOri',31
1721.0,1091.0,83.00200000000002,-0.29863,1.5951601423487547,point,31
3717.0,2564.0,83.86,-5.91,1.494946619217082,point,31
2904.0,925.0,85.189,-1.9418,1.2300000000000002,point,31
2324.0,1046.0,84.054,-1.1997,0.9133807829181496,point,31
1143.0,3966.0,77.40899999999998,-4.01,0.6382206405693951,point,31
2945.0,1284.0,84.677,-2.5903,0.6005338078291815,point,31
2584.0,1949.0,83.015,-3.0851,0.5642348754448399,point,31
1161.0,261.0,83.436,1.9453,0.5324199288256227,point,31
305.0,2753.0,78.024,-0.6967800000000001,0.43733096085409257,point,31
2950.0,1283.0,84.686,-2.5975,0.4336654804270463,point,31
1314.0,3900.0,77.792,-4.1804,0.4230249110320285,point,31
2510.0,1575.0,83.499,-2.3592,0.3895729537366549,point,31
29.0,1921.0,78.92399999999998,1.0913,0.3758362989323844,point,31
3450.0,2353.0,83.76700000000002,-5.1385,0.32016014234875445,point,31
995.0,874.0,82.177,1.2269,0.25058718861209966,point,31
3877.0,3265.0,82.98200000000001,-7.3004,0.24836654804270464,point,31
3502.0,2307.0,83.925,-5.1487,0.24051601423487548,point,31
1826.0,3531.0,79.21600000000002,-4.4173,0.20367615658362992,point,31
1268.0,933.0,82.523,0.68917,0.2003523131672598,point,31
2717.0,2177.0,82.86200000000002,-3.6709,0.19957651245551603,point,31
3358.0,2243.0,83.795,-4.8139,0.19134875444839858,point,31
2947.0,975.0,85.178,-2.0927,0.16176512455516015,point,31
3715.0,2624.0,83.758,-6.004,0.15683985765124556,point,31
1853.0,3732.0,78.935,-4.7855,0.15338078291814944,point,31
3434.0,4078.0,80.937,-7.8956,0.13173309608540926,point,31
3486.0,2481.0,83.618,-5.404,0.13127758007117438,point,31
570.0,2328.0,79.138,-0.43808,0.12981850533807832,point,31
2940.0,1549.0,84.24,-3.0123,0.1275622775800712,point,31
2982.0,1004.0,85.18799999999997,-2.1962,0.12718505338078293,point,31
409.0,166.0,82.37299999999998,3.3099,0.12541637010676157,point,31
3183.0,4033.0,80.602,-7.4215,0.1203879003558719,point,31
3335.0,2617.0,83.15299999999998,-5.3816,0.11059074733096086,point,31
2942.0,1301.0,84.64399999999998,-2.6133,0.10753024911032029,point,31
609.0,163.0,82.70100000000002,2.9923,0.1036405693950178,point,31
800.0,3366.0,77.829,-2.487,0.10055516014234876,point,31
848.0,966.0,81.77,-11.901,2.3991103202846977,point,30
2423.0,1485.0,83.541,-15.284,0.3606405693950178,point,30
1138.0,3355.0,78.23100000000002,-16.207,0.27274733096085413,point,30
3363.0,3007.0,82.57799999999997,-19.275,0.23740925266903917,point,30
2093.0,3338.0,79.852,-17.746,0.2350284697508897,point,30
1139.0,450.0,83.102,-11.536,0.21175800711743775,point,30
1475.0,1103.0,82.584,-13.134,0.16178647686832742,point,30
681.0,1926.0,79.896,-13.177,0.1541743772241993,point,30
3473.0,822.0,86.425,-15.87,0.12626690391459075,point,30
1917.0,2443.0,81.08,-16.022000000000002,0.11097508896797154,point,30
1477.0,3470.0,71.9759,-10.1786,2.091404137399381,b'Galactic-Compact-Binary-WD'b'KTEri',29
758.0,243.0,76.241,-3.915,0.8245907473309609,point,29
3815.0,2083.0,78.074,-11.867,0.7397508896797154,point,29
2383.0,2561.0,74.96,-10.262,0.43946619217081856,point,29
2973.0,2567.0,75.898,-11.251,0.29126334519572955,point,29
3709.0,1372.0,79.09,-10.561,0.2556049822064057,point,29
1754.0,3881.0,71.71600000000002,-11.283,0.2097758007117438,point,29
541.0,519.0,75.442,-3.9909,0.1839288256227758,point,29
3976.0,218.0,81.42699999999998,-9.1519,0.17800355871886123,point,29
3324.0,1111.0,78.902,-9.5141,0.17445551601423487,point,29
2488.0,1035.0,77.685,-8.0197,0.1691779359430605,point,29
1335.0,3947.0,70.942,-10.685,0.16803914590747332,point,29
716.0,3399.0,70.89399999999998,-8.7954,0.16208540925266904,point,29
1345.0,371.0,76.961,-5.0822,0.155779359430605,point,29
480.0,3427.0,70.477,-8.4443,0.15396797153024913,point,29
4061.0,968.0,80.33,-10.49,0.14505338078291818,point,29
1821.0,2178.0,74.704,-8.7248,0.14434875444839856,point,29
1301.0,904.0,76.006,-5.8514,0.14401067615658364,point,29
2614.0,2115.0,76.081,-9.9398,0.1368896797153025,point,29
1958.0,2998.0,73.54,-10.242,0.13530604982206407,point,29
3752.0,163.0,81.156,-8.7005,0.11300711743772242,point,29
848.0,2113.0,73.268,-7.0031,0.10979003558718861,point,29
503.0,2683.0,98.2469,5.8003,1.1899340570957029,b'Galactic-Compact-Binary-NS/BH'b'MWC148',28
104.0,2473.0,97.941,6.7848,0.6938790035587189,point,28
3842.0,3254.0,102.71,-0.53903,0.6373309608540927,point,28
3148.0,1994.0,103.65,2.6109,0.5266192170818507,point,28
3835.0,794.0,106.7,3.4139999999999997,0.32625622775800717,point,28
74.0,1797.0,98.994,7.9245,0.25212455516014237,point,28
2490.0,1817.0,102.87,3.9692,0.23797508896797154,point,28
2761.0,2011.0,103.0,3.2144,0.2357402135231317,point,28
2663.0,3653.0,100.16,0.7316199999999999,0.21854804270462633,point,28
738.0,2241.0,99.347,6.1339999999999995,0.21734163701067616,point,28
1595.0,3114.0,99.316,3.3345,0.19314946619217083,point,28
1763.0,633.0,103.64,7.0574,0.192864768683274,point,28
756.0,839.0,101.67,8.3645,0.1318932384341637,point,28
2340.0,2852.0,94.280417,9.136944,53.98939877253386,b'Galactic-Compact-Binary-NS'b'H0614+091',27
1322.0,1238.0,95.217,13.411,0.6385409252669039,point,27
1333.0,1923.0,94.111,12.272,0.5727402135231318,point,27
245.0,2669.0,91.063,12.765,0.521423487544484,point,27
2645.0,2851.0,94.788,8.65,0.5086832740213524,point,27
3932.0,804.0,100.25,9.8963,0.48704626334519574,point,27
1585.0,2678.0,93.303,10.629,0.29899288256227763,point,27
3143.0,1107.0,98.459,10.689,0.2784661921708185,point,27
3412.0,711.0,99.551,10.889,0.27595373665480427,point,27
55.0,3954.0,88.69200000000002,10.933,0.22861209964412813,point,27
3938.0,842.0,100.19,9.8261,0.22100355871886124,point,27
99.0,768.0,93.923,16.125999999999998,0.2205302491103203,point,27
1453.0,2780.0,92.918,10.67,0.22023487544483986,point,27
1263.0,1229.0,95.132,13.519,0.215576512455516,point,27
2673.0,1370.0,97.251,11.02,0.20988967971530248,point,27
2176.0,2077.0,95.267,10.668,0.20011032028469752,point,27
4061.0,920.0,100.26,9.5018,0.18486832740213524,point,27
3696.0,2875.0,96.479,6.9287,0.1799217081850534,point,27
2358.0,2721.0,94.523,9.3238,0.16961209964412813,point,27
1060.0,1269.0,94.725,13.778,0.1640320284697509,point,27
3499.0,2107.0,97.405,8.492,0.1539537366548043,point,27
2194.0,3217.0,93.448,8.7721,0.15145551601423488,point,27
2381.0,8.0,99.021,13.693,0.1323594306049822,point,27
1040.0,3795.0,90.596,9.6489,0.12476156583629894,point,27
3849.0,2000.0,98.242,-5.0964,1.2418149466192177,point,26
2871.0,1559.0,97.345,-2.8119,1.1525622775800715,point,26
3952.0,945.0,100.09,-3.5324,0.9965480427046264,point,26
191.0,2993.0,90.667,-0.85967,0.9434163701067616,point,26
2265.0,2535.0,94.785,-3.4401,0.5728113879003561,point,26
2154.0,988.0,97.085,-0.7295,0.5376512455516014,point,26
1013.0,2026.0,93.554,-0.59804,0.3676156583629893,point,26
3964.0,540.0,100.76,-2.8881,0.3501565836298932,point,26
2770.0,4063.0,93.152,-6.7367,0.23683629893238434,point,26
4041.0,2286.0,98.099,-5.8692,0.18733807829181495,point,26
1511.0,3250.0,92.401,-3.3955,0.18595017793594307,point,26
522.0,3885.0,89.77799999999998,-2.8392,0.16348754448398575,point,26
3775.0,2477.0,97.355,-5.7599,0.14926334519572954,point,26
3213.0,4032.0,93.929,-7.3942,0.14734519572953736,point,26
2902.0,1519.0,97.46,-2.7963,0.1449252669039146,point,26
2163.0,827.0,97.355,-0.48069,0.14293238434163702,point,26
2049.0,1273.0,96.457,-1.0277,0.12794306049822063,point,26
3043.0,3614.0,87.65799999999999,0.099299,0.7416370106761566,point,25
1203.0,3160.0,85.363,3.7768,0.6862277580071175,point,25
2982.0,2078.0,90.015,2.7082,0.4749110320284698,point,25
65.0,2213.0,84.99600000000002,7.1421,0.4244839857651246,point,25
1925.0,2369.0,87.815,3.9232,0.28016014234875447,point,25
2829.0,2860.0,88.51100000000002,1.6733,0.2584946619217082,point,25
1297.0,3834.0,84.444,2.5202,0.254270462633452,point,25
2816.0,3903.0,86.825,-0.011383,0.20300355871886122,point,25
2352.0,31.0,92.278,7.0575,0.19330604982206406,point,25
925.0,232.0,89.60799999999998,9.0164,0.1455373665480427,point,25
2851.0,91.0,92.996,6.157,0.13553736654804271,point,25
2271.0,2842.0,87.624,2.5948,0.1355338078291815,point,25
3679.0,485.0,117.21,-43.447,0.3583629893238435,point,24
3223.0,3380.0,112.1,-49.14100000000001,0.2421743772241993,point,24
3013.0,1471.0,114.06,-44.955,0.21782918149466196,point,24
2095.0,2872.0,109.37,-46.977,0.20724555160142352,point,24
670.0,3550.0,104.1,-46.78100000000001,0.2069217081850534,point,24
5.0,33.0,107.62,-39.028,0.19373309608540928,point,24
892.0,2252.0,106.81,-44.444,0.1752135231316726,point,24
1873.0,3789.0,107.26,-48.605,0.13600711743772242,point,24
2920.0,671.0,114.79,-43.18899999999999,0.12290035587188614,point,24
2960.0,546.0,115.05,-42.962,0.11111743772241994,point,24
2993.0,1111.0,114.46,-44.18,0.11096797153024912,point,24
3767.0,2270.0,103.45,-43.112,0.4248754448398577,point,23
63.0,698.0,96.781,-35.488,0.3040427046263345,point,23
4094.0,33.0,107.62,-39.028,0.19373309608540928,point,23
1747.0,2851.0,97.206,-41.726000000000006,0.19181494661921708,point,23
3654.0,2956.0,102.02,-44.319,0.16977224199288257,point,23
3276.0,3662.0,99.773,-45.218,0.15519928825622778,point,23
670.0,1562.0,96.78,-37.895,0.12634163701067616,point,23
426.0,2767.0,94.123,-39.799,0.1256085409252669,point,23
3892.0,2636.0,103.19,-43.976000000000006,0.11137010676156583,point,23
1791.0,1044.0,100.33,-38.343,0.10402846975088968,point,23
1768.0,882.0,100.53,-38.002,0.10253380782918149,point,23
3094.0,1815.0,102.39,-41.426,0.1021743772241993,point,23
1190.0,1607.0,101.79,-51.596,0.6737010676156583,point,22
1325.0,453.0,104.34,-49.486,0.4392170818505339,point,22
3302.0,816.0,110.09,-52.309,0.3421779359430605,point,22
168.0,2877.0,95.989,-52.694,0.3404306049822064,point,22
3580.0,2743.0,107.75,-56.549,0.31997864768683276,point,22
556.0,3136.0,96.596,-53.694,0.3157010676156584,point,22
2788.0,2870.0,104.63,-55.95,0.2973594306049822,point,22
719.0,1817.0,99.919,-51.42100000000001,0.27669395017793597,point,22
549.0,3143.0,96.56,-53.697,0.2694483985765124,point,22
3042.0,1748.0,107.64,-53.962,0.2441032028469751,point,22
1283.0,2779.0,99.695,-53.971,0.22837722419928827,point,22
2045.0,92.0,107.17,-49.551,0.21765836298932387,point,22
1704.0,2641.0,101.37,-54.227,0.19041281138790037,point,22
1701.0,2633.0,101.38,-54.208,0.1865017793594306,point,22
815.0,3357.0,96.911,-54.451,0.18053736654804273,point,22
793.0,3421.0,96.692,-54.539,0.16733096085409252,point,22
2824.0,1828.0,106.75,-53.896,0.15550177935943063,point,22
791.0,3431.0,96.665,-54.555,0.1528896797153025,point,22
552.0,3139.0,96.58,-53.695,0.14837722419928828,point,22
1721.0,1702.0,103.3,-52.41,0.12904626334519573,point,22
2344.0,633.0,107.23,-50.962,0.12879359430604984,point,22
54.0,2973.0,95.428,-52.714,0.1284982206405694,point,22
950.0,3064.0,98.003,-54.082,0.12809252669039148,point,22
776.0,3400.0,96.687,-54.477,0.12437722419928826,point,22
51.0,2969.0,95.432,-52.703,0.12124199288256228,point,22
3298.0,2012.0,108.07,-54.767,0.11959786476868328,point,22
758.0,3420.0,96.584,-54.49100000000001,0.11354092526690393,point,22
844.0,3342.0,97.038,-54.463,0.10644483985765125,point,22
2358.0,3133.0,89.944,-50.445,2.655516014234876,point,21
2066.0,2242.0,91.195,-48.458,1.8124911032028472,point,21
426.0,3455.0,84.236,-47.964,1.2576156583629894,point,21
1098.0,1114.0,91.138,-45.053,0.47181494661921713,point,21
11.0,1188.0,88.363,-43.557,0.3817081850533808,point,21
1984.0,2216.0,91.037,-48.291,0.29864768683274023,point,21
1913.0,2545.0,90.112,-48.76,0.2523985765124555,point,21
177.0,3301.0,84.012,-47.313,0.17544839857651245,point,21
1900.0,1836.0,91.647,-47.499,0.14780782918149465,point,21
448.0,1698.0,88.31,-45.088,0.13699999999999998,point,21
1730.0,2402.0,89.958,-48.238,0.13691459074733098,point,21
2919.0,842.0,96.425,-47.133,0.12774021352313167,point,21
3958.0,832.0,99.333,-48.478,0.1196797153024911,point,21
864.0,3008.0,86.363,-47.933,0.1174626334519573,point,21
861.0,3014.0,86.345,-47.938,0.11016725978647687,point,21
3413.0,989.0,97.495,-48.066,0.10056939501779359,point,21
1323.0,1639.0,89.193,-33.17451,1.923111507857071,b'Galactic-Compact-Binary-NS'b'MAXIJ0556-332',20
642.0,1715.0,87.67,-32.271,1.3019928825622775,point,20
2982.0,3362.0,89.527,-38.642,0.47359430604982206,point,20
3861.0,1848.0,94.29,-37.254,0.40740213523131674,point,20
2274.0,1621.0,91.217,-34.561,0.37836298932384343,point,20
648.0,1710.0,87.693,-32.271,0.36459074733096086,point,20
3363.0,782.0,95.035,-34.632,0.3209857651245552,point,20
4090.0,699.0,96.781,-35.488,0.3040427046263345,point,20
121.0,3066.0,84.124,-33.717,0.3039644128113879,point,20
2932.0,1792.0,92.33,-35.824,0.2911637010676157,point,20
2551.0,1810.0,91.471,-35.3,0.2822419928825623,point,20
3019.0,1531.0,92.983,-35.486,0.2738540925266904,point,20
2800.0,3186.0,89.463,-38.06800000000001,0.2644768683274022,point,20
788.0,2385.0,86.735,-33.628,0.254135231316726,point,20
3611.0,3591.0,90.492,-39.973,0.2082811387900356,point,20
317.0,1775.0,86.912,-31.874,0.20600711743772243,point,20
3597.0,3620.0,90.406,-40.004,0.19945195729537366,point,20
3616.0,3586.0,90.515,-39.971,0.17533807829181497,point,20
2673.0,3319.0,88.93,-38.105,0.17029537366548042,point,20
3597.0,3636.0,90.376,-40.03,0.16669039145907474,point,20
1662.0,2341.0,88.613,-34.894,0.1361032028469751,point,20
1431.0,1110.0,90.357,-32.419000000000004,0.12556227758007119,point,20
2587.0,3026.0,89.301,-37.471,0.12455160142348755,point,20
2387.0,1237.0,92.139,-34.049,0.12317081850533808,point,20
3576.0,3603.0,90.392,-39.941,0.11747330960854094,point,20
3630.0,3574.0,90.568,-39.971,0.10895017793594305,point,20
3617.0,3636.0,90.42,-40.061,0.10751957295373667,point,20
3470.0,3236.0,82.3564,-32.8178,0.930850188549843,b'Galactic-Compact-Binary-WD'b'TVCol',19
2842.0,3112.0,81.392,-31.603,0.25827402135231314,point,19
3640.0,3470.0,82.236,-33.469,0.20051601423487544,point,19
2052.0,2735.0,80.632,-29.711,0.18723487544483985,point,19
3191.0,952.0,86.03200000000002,-28.611,0.15748754448398578,point,19
407.0,1708.0,79.57600000000002,-25.373,0.14980782918149468,point,19
3249.0,1118.0,85.84899999999998,-28.978,0.13223487544483986,point,19
3262.0,1549.0,85.1,-29.716,0.11309964412811388,point,19
2837.0,3114.0,81.37899999999998,-31.598000000000006,0.109711743772242,point,19
3808.0,681.0,87.691,-29.108,0.10840569395017795,point,19
4049.0,1402.0,86.882,-30.697,0.10788256227758009,point,19
2437.0,2350.0,82.066,-29.717,0.1068576512455516,point,19
2947.0,1962.0,83.74600000000002,-29.9,0.10395729537366549,point,19
3494.0,439.0,87.512,-28.218000000000004,0.10348398576512456,point,19
3782.0,437.0,88.06700000000002,-28.656,0.10042704626334521,point,19
725.0,2309.0,78.5275,-40.04361,9.346035076362513,b'Galactic-Compact-Binary-NS'b'4U0513-40',18
3686.0,3249.0,82.9,-46.401,0.6948754448398577,point,18
1180.0,2920.0,78.098,-41.757,0.5732384341637011,point,18
2864.0,3693.0,79.956,-45.779,0.3908185053380783,point,18
4096.0,1190.0,88.363,-43.557,0.3817081850533808,point,18
1008.0,1824.0,80.15899999999998,-39.754,0.33901779359430606,point,18
2498.0,1026.0,85.03,-40.843,0.3286014234875445,point,18
986.0,1553.0,80.692,-39.284,0.3128078291814947,point,18
1494.0,1040.0,82.82700000000001,-39.28,0.24537010676156584,point,18
1924.0,784.0,84.271,-39.541,0.23253024911032028,point,18
990.0,1351.0,81.126,-38.969,0.23073665480427047,point,18
1951.0,4063.0,77.062,-44.817,0.22586476868327404,point,18
1408.0,1239.0,82.23299999999998,-39.467,0.21201067615658364,point,18
2740.0,2066.0,83.368,-42.95399999999999,0.19206405693950182,point,18
2982.0,2091.0,83.863,-43.379,0.1546014234875445,point,18
1142.0,532.0,83.12700000000002,-37.887,0.1456832740213523,point,18
1575.0,2996.0,78.75399999999998,-42.541,0.14527402135231315,point,18
832.0,3708.0,75.577,-42.36,0.14344128113879004,point,18
2439.0,533.0,85.90100000000002,-39.924,0.13498576512455518,point,18
2750.0,906.0,85.836,-41.032,0.13022775800711744,point,18
309.0,3415.0,75.21600000000002,-41.017,0.1298291814946619,point,18
3755.0,2350.0,85.09100000000002,-45.022,0.11614946619217081,point,18
3388.0,2131.0,84.71,-44.085,0.11205693950177936,point,18
2219.0,4094.0,77.567,-45.32,0.11102846975088969,point,18
3642.0,3818.0,81.457,-47.249,0.11048042704626335,point,18
3508.0,704.0,79.348,-35.36400000000001,0.5294306049822065,point,17
1558.0,3858.0,68.975,-36.609,0.2102064056939502,point,17
3862.0,4077.0,72.648,-41.047,0.13761565836298933,point,17
1007.0,2110.0,71.866,-33.151,0.1301423487544484,point,17
857.0,795.0,74.344,-30.973000000000006,0.12862989323843416,point,17
3088.0,1820.0,76.223,-36.371,0.12414590747330961,point,17
198.0,844.0,73.125,-29.893,0.11662277580071174,point,17
2903.0,3772.0,71.56,-38.916,0.114644128113879,point,17
2886.0,3802.0,71.459,-38.927,0.1088220640569395,point,17
3617.0,2749.0,75.206,-38.677,0.10501067615658363,point,17
414.0,870.0,73.438,-30.309,0.10328113879003559,point,17
2370.0,132.0,73.355,-42.226000000000006,0.5339145907473309,point,16
3292.0,2454.0,69.36399999999999,-47.19,0.47811387900355873,point,16
2707.0,829.0,72.351,-43.834,0.3856583629893239,point,16
2246.0,3965.0,63.177,-47.21,0.36014234875444834,point,16
2746.0,3714.0,64.818,-47.85,0.27041281138790035,point,16
1592.0,847.0,70.141,-41.862,0.2590355871886121,point,16
3658.0,383.0,75.39699999999998,-44.832,0.2588505338078292,point,16
1738.0,660.0,70.868,-41.864,0.1659608540925267,point,16
2870.0,1917.0,69.932,-45.677,0.1532419928825623,point,16
2866.0,2341.0,68.809,-46.257,0.14362277580071175,point,16
5.0,3530.0,60.557,-42.341,0.14126690391459076,point,16
1465.0,468.0,70.815,-41.102,0.129423487544484,point,16
714.0,2071.0,65.507,-41.89100000000001,0.12137366548042705,point,16
3018.0,1031.0,72.48,-44.679,0.11883629893238436,point,16
684.0,523.0,69.252,-39.767,0.11508896797153026,point,16
943.0,3942.0,60.973,-44.659,0.1111423487544484,point,16
3824.0,1503.0,72.97,-46.786,0.10345551601423487,point,16
801.0,3116.0,62.956,-43.382,0.10098576512455516,point,16
2295.0,2146.0,61.255,-37.187,1.1718149466192174,point,15
2945.0,3856.0,57.922,-40.467,1.0538078291814947,point,15
3591.0,795.0,66.57,-37.957,0.32151601423487547,point,15
1725.0,2671.0,59.121,-36.69300000000001,0.32028825622775803,point,15
4010.0,2413.0,63.302,-40.822,0.26961209964412813,point,15
3957.0,2136.0,63.914,-40.375,0.2594341637010676,point,15
3045.0,1708.0,63.49,-38.096,0.2412135231316726,point,15
1305.0,3797.0,55.73,-37.128,0.2390071174377224,point,15
4023.0,3516.0,60.481,-42.188,0.1824875444839858,point,15
4094.0,3530.0,60.557,-42.341,0.14126690391459076,point,15
544.0,3796.0,54.715,-35.595,0.13348754448398578,point,15
472.0,3796.0,54.62,-35.45,0.12800711743772242,point,15
3503.0,2285.0,62.8,-39.694,0.12786120996441283,point,15
3144.0,1731.0,63.592,-38.316,0.12117081850533809,point,15
3307.0,3893.0,58.371,-41.225,0.11693238434163701,point,15
1391.0,3518.0,50.81399999999999,-49.519,0.650355871886121,point,14
3592.0,3112.0,55.726000000000006,-53.631,0.5743416370106762,point,14
4009.0,1485.0,61.872,-52.57,0.3793594306049823,point,14
1327.0,1383.0,57.282,-47.185,0.20469039145907472,point,14
3111.0,2275.0,57.62,-51.749,0.16311743772241993,point,14
2905.0,3226.0,54.14,-52.358,0.13904982206405694,point,14
2807.0,3665.0,52.49800000000001,-52.596,0.1299217081850534,point,14
2645.0,1968.0,57.761,-50.475,0.1288967971530249,point,14
2802.0,3659.0,52.50899999999999,-52.581,0.12659074733096085,point,14
896.0,2270.0,53.959,-47.26600000000001,0.11381138790035587,point,14
204.0,2351.0,52.70399999999999,-45.931,0.11008896797153025,point,14
2782.0,3597.0,52.688,-52.479,0.10930960854092527,point,14
1980.0,2732.0,54.223,-49.958,0.10654448398576513,point,14
544.0,266.0,53.4017,-36.14,0.7697315845816146,b'ExtraGalactic-AGN'b'NGC1365',13
3204.0,2941.0,49.493,-44.237,0.7401779359430605,point,13
3107.0,3371.0,48.107,-44.42,0.5896085409252667,point,13
2506.0,2009.0,51.261,-41.90600000000001,0.425373665480427,point,13
930.0,451.0,53.415,-37.116,0.2859644128113879,point,13
3569.0,3403.0,48.594,-45.42,0.20214234875444842,point,13
1731.0,1783.0,50.899,-40.075,0.19940569395017793,point,13
3158.0,244.0,56.981,-41.42100000000001,0.18952669039145909,point,13
238.0,653.0,52.044,-35.894,0.18519928825622775,point,13
1370.0,1519.0,51.165,-39.072,0.18432740213523133,point,13
2401.0,934.0,54.07,-40.62,0.13290035587188614,point,13
988.0,1112.0,51.771,-37.88800000000001,0.13115302491103203,point,13
100.0,1484.0,49.744,-36.395,0.12289679715302491,point,13
2486.0,2892.0,48.735,-42.685,0.12230604982206407,point,13
243.0,660.0,52.032,-35.911,0.12216725978647687,point,13
971.0,4068.0,43.7,-40.448,0.11907473309608542,point,13
227.0,646.0,52.047,-35.865,0.11759786476868328,point,13
734.0,2958.0,46.526,-39.036,0.10080427046263345,point,13
2110.0,2170.0,62.42,-7.891,3.2471530249110323,point,12
3408.0,961.0,66.464,-8.5585,0.7280782918149467,point,12
2398.0,1617.0,63.84,-7.6452,0.6288967971530249,point,12
3486.0,3468.0,61.953,-12.192,0.2728861209964413,point,12
3166.0,2641.0,63.036,-10.467,0.23591459074733098,point,12
2262.0,790.0,65.16,-6.2452,0.19761565836298933,point,12
2597.0,1333.0,64.64,-7.6106,0.19518149466192172,point,12
3307.0,3141.0,62.307,-11.415,0.19223487544483986,point,12
2836.0,2099.0,63.57100000000001,-9.1141,0.16043060498220643,point,12
4020.0,2562.0,64.391,-11.903,0.15352313167259787,point,12
2402.0,775.0,65.38600000000001,-6.4795,0.1345266903914591,point,12
2720.0,586.0,66.175,-6.7904,0.12479003558718862,point,12
1082.0,2802.0,54.197,0.5878,7.087233773839592,b'Galactic-Star'b'HR1099',11
2416.0,2160.0,57.209,-0.97407,1.969217081850534,point,11
3073.0,772.0,60.653,-0.26599,1.3698576512455518,point,11
3046.0,1454.0,59.369,-1.1540000000000001,0.4144839857651246,point,11
2669.0,2547.0,56.846,-1.9685,0.4011387900355872,point,11
3105.0,1791.0,58.834,-1.726,0.3825622775800712,point,11
2273.0,2653.0,56.108,-1.3887,0.3486761565836299,point,11
1438.0,698.0,58.542,2.827,0.2785266903914591,point,11
624.0,2182.0,54.703,2.2771,0.2008576512455516,point,11
3465.0,2204.0,58.572,-2.9531,0.18381494661921707,point,11
1666.0,2610.0,55.353,-0.21693,0.1260640569395018,point,11
2700.0,2179.0,57.56399999999999,-1.5189,0.11361209964412812,point,11
2941.0,2445.0,57.409,-2.3269,0.11180782918149466,point,11
2477.0,3314.0,55.178,-2.6689,0.10894306049822064,point,11
2587.0,3987.0,54.097,-3.7913,0.10043416370106761,point,11
277.0,1674.0,53.234,-9.4579,2.184306049822064,point,10
2221.0,922.0,57.346,-11.99,0.863523131672598,point,10
1282.0,2234.0,53.569,-12.066,0.3588612099644128,point,10
2401.0,3040.0,53.603,-15.225,0.21752669039145908,point,10
1857.0,2809.0,53.28100000000001,-13.907,0.17469750889679714,point,10
672.0,1417.0,54.258,-9.8343,0.1432099644128114,point,10
3137.0,930.0,58.635,-13.668,0.14008185053380784,point,10
3536.0,3252.0,54.806,-17.599,0.10064768683274022,point,10
373.0,3267.0,44.881,-4.1801,0.4941992882562278,point,9
1826.0,3872.0,45.678,-7.6871,0.44071174377224204,point,9
1232.0,1580.0,49.17,-3.5296,0.39715302491103205,point,9
1510.0,2589.0,47.66,-5.3966,0.3173523131672598,point,9
477.0,3994.0,43.664,-5.3308,0.25829893238434165,point,9
2713.0,1478.0,51.355,-6.1429,0.2572846975088968,point,9
3800.0,618.0,54.422,-6.9895,0.1886370106761566,point,9
3473.0,1996.0,51.417,-8.2464,0.1517402135231317,point,9
1368.0,3626.0,45.53,-6.5079,0.12619217081850534,point,9
2006.0,3918.0,45.83,-8.0831,0.10869039145907473,point,9
2420.0,1411.0,76.707,-21.584,0.6677935943060499,point,8
923.0,1986.0,73.206,-19.918,0.17423843416370108,point,8
2259.0,1908.0,75.532,-22.08,0.15496797153024913,point,8
3345.0,3963.0,73.506,-27.061,0.1439857651245552,point,8
556.0,762.0,74.824,-17.433,0.11643772241992882,point,8
1513.0,3780.0,70.82,-23.627,0.11550889679715304,point,8
722.0,3686.0,69.732,-22.109,0.1149608540925267,point,8
3312.0,1791.0,77.51899999999998,-23.673,0.11287900355871885,point,8
1180.0,1289.0,74.884,-19.295,0.10986120996441281,point,8
1824.0,2331.0,74.036,-21.985,0.10637722419928826,point,8
3358.0,1530.0,78.072,-23.339,0.10445195729537367,point,8
816.0,2502.0,72.085,-20.511,0.10293594306049823,point,8
985.0,545.0,69.5591,-10.796,3.817874627273523,b'ExtraGalactic-AGN'b'MCG-02-12-050',7
1492.0,1616.0,68.407,-13.258,1.3815658362989325,point,7
715.0,579.0,69.092,-10.374,0.41925266903914593,point,7
3671.0,1535.0,71.90100000000002,-16.936,0.357153024911032,point,7
3965.0,1124.0,73.09899999999998,-16.824,0.3052064056939502,point,7
2706.0,2178.0,69.238,-16.215999999999998,0.28415302491103206,point,7
1463.0,1621.0,68.354,-13.214,0.2605836298932384,point,7
4018.0,2474.0,70.734,-18.936,0.23194306049822064,point,7
2597.0,3235.0,67.12899999999999,-17.574,0.23091459074733098,point,7
1339.0,1047.0,69.197,-12.151,0.2030996441281139,point,7
1333.0,60.0,70.942,-10.685,0.16803914590747332,point,7
1479.0,1570.0,68.469,-13.167,0.16722775800711742,point,7
3613.0,1342.0,72.157,-16.547,0.16655160142348754,point,7
3595.0,298.0,73.99,-14.946,0.13606049822064056,point,7
3165.0,4052.0,66.482,-19.759,0.12906049822064058,point,7
187.0,2471.0,64.913,-12.203,0.11338434163701068,point,7
4033.0,776.0,73.827,-16.415,0.10619217081850534,point,7
3168.0,614.0,71.846,-27.841,0.45217081850533813,point,6
2552.0,849.0,70.345,-27.137,0.400711743772242,point,6
1715.0,1684.0,67.318,-26.909,0.237779359430605,point,6
3621.0,3289.0,67.252,-32.609,0.1888185053380783,point,6
408.0,1649.0,65.292,-24.541,0.18580782918149466,point,6
2349.0,1013.0,69.685,-27.029,0.18252313167259787,point,6
1927.0,2743.0,65.535,-28.817,0.16335231316725982,point,6
1627.0,801.0,68.9,-25.458,0.1607508896797153,point,6
3302.0,255.0,72.765,-27.521,0.14872953736654806,point,6
224.0,2932.0,62.452,-26.016,0.1192491103202847,point,6
3705.0,1284.0,71.471,-29.775,0.11604270462633452,point,6
1772.0,314.0,70.074,-24.988000000000003,0.10856583629893239,point,6
986.0,3944.0,55.5155,-21.2444,1.8108568182184281,b'ExtraGalactic-AGN'b'ESO548-81',5
770.0,3718.0,55.665,-20.545,0.3056227758007118,point,5
607.0,407.0,61.86600000000001,-15.78,0.191711743772242,point,5
1843.0,3523.0,57.577,-22.287,0.17,point,5
2796.0,1179.0,63.605,-20.823,0.1448932384341637,point,5
3108.0,1522.0,63.408,-21.869,0.1430925266903915,point,5
129.0,733.0,60.569,-15.357,0.13860854092526692,point,5
2494.0,3688.0,58.192,-23.715,0.13088967971530252,point,5
160.0,1814.0,58.543,-16.879,0.12969750889679715,point,5
3397.0,3035.0,60.85,-24.493,0.11638790035587189,point,5
1800.0,2146.0,61.255,-37.187,1.1718149466192174,point,4
2294.0,3907.0,57.922,-40.467,1.0538078291814947,point,4
3211.0,918.0,66.57,-37.957,0.32151601423487547,point,4
1185.0,2618.0,59.121,-36.69300000000001,0.32028825622775803,point,4
3482.0,2566.0,63.302,-40.822,0.26961209964412813,point,4
3455.0,2285.0,63.914,-40.375,0.2594341637010676,point,4
2586.0,1777.0,63.49,-38.096,0.2412135231316726,point,4
665.0,3703.0,55.73,-37.128,0.2390071174377224,point,4
3396.0,3663.0,60.481,-42.188,0.1824875444839858,point,4
3465.0,3684.0,60.557,-42.341,0.14126690391459076,point,4
2990.0,2393.0,62.8,-39.694,0.12786120996441283,point,4
2683.0,1810.0,63.592,-38.316,0.12117081850533809,point,4
2651.0,3976.0,58.371,-41.225,0.11693238434163701,point,4
2752.0,389.0,60.00899999999999,-29.038,0.23598932384341637,point,3
212.0,1536.0,53.86600000000001,-25.739,0.19003558718861208,point,3
2529.0,1738.0,56.77,-30.404,0.1636298932384342,point,3
3353.0,956.0,59.732,-30.913,0.13897508896797153,point,3
3579.0,1153.0,59.66,-31.594,0.1351067615658363,point,3
3994.0,3633.0,54.715,-35.595,0.13348754448398578,point,3
3922.0,3626.0,54.62,-35.45,0.12800711743772242,point,3
1753.0,3004.0,52.826,-30.519,0.1136761565836299,point,3
258.0,315.0,56.49,-24.286,0.11249466192170819,point,3
1122.0,1012.0,56.264,-26.806,0.11056939501779359,point,3
152.0,3804.0,48.849,-28.359,0.11024911032028471,point,3
2200.0,3014.0,49.493,-44.237,0.7401779359430605,point,2
2056.0,3430.0,48.107,-44.42,0.5896085409252667,point,2
1612.0,2010.0,51.261,-41.90600000000001,0.425373665480427,point,2
217.0,282.0,53.415,-37.116,0.2859644128113879,point,2
2510.0,3512.0,48.594,-45.42,0.20214234875444842,point,2
866.0,1698.0,50.899,-40.075,0.19940569395017793,point,2
2456.0,331.0,56.981,-41.42100000000001,0.18952669039145909,point,2
536.0,1395.0,51.165,-39.072,0.18432740213523133,point,2
1628.0,930.0,54.07,-40.62,0.13290035587188614,point,2
201.0,947.0,51.771,-37.88800000000001,0.13115302491103203,point,2
1492.0,2886.0,48.735,-42.685,0.12230604982206407,point,2
4042.0,2548.0,53.959,-47.26600000000001,0.11381138790035587,point,2
3345.0,2549.0,52.70399999999999,-45.931,0.11008896797153025,point,2
231.0,171.0,48.01600000000001,-28.989,1.294626334519573,point,1
3941.0,55.0,53.4017,-36.14,0.7697315845816146,b'ExtraGalactic-AGN'b'NGC1365',1
2325.0,3728.0,42.033,-36.982,0.4211032028469751,point,1
2631.0,1369.0,48.355,-35.109,0.35517081850533805,point,1
3593.0,409.0,52.044,-35.894,0.18519928825622775,point,1
105.0,2502.0,42.40600000000001,-31.191,0.1347508896797153,point,1
3364.0,1220.0,49.744,-36.395,0.12289679715302491,point,1
3598.0,416.0,52.032,-35.911,0.12216725978647687,point,1
3941.0,3887.0,43.7,-40.448,0.11907473309608542,point,1
3583.0,401.0,52.047,-35.865,0.11759786476868328,point,1
3829.0,2756.0,46.526,-39.036,0.10080427046263345,point,1
